-- Adminer 4.8.1 MySQL 5.7.39 dump

SET NAMES utf8;
SET time_zone = '+00:00';
SET foreign_key_checks = 0;
SET sql_mode = 'NO_AUTO_VALUE_ON_ZERO';

SET NAMES utf8mb4;

DROP TABLE IF EXISTS `deleted_militery_men`;
CREATE TABLE `deleted_militery_men`
(
    `id`                bigint(20)                              NOT NULL AUTO_INCREMENT,
    `death_certificate` varchar(255) COLLATE utf8mb4_unicode_ci DEFAULT NULL,
    `delete_date`       datetime                                NOT NULL,
    `protokol_number`   varchar(255) COLLATE utf8mb4_unicode_ci NOT NULL,
    `military_man_id`   bigint(20)                              NOT NULL,
    PRIMARY KEY (`id`),
    KEY `FK7puj23dm5x2jcr3vm2d9q3n0m` (`military_man_id`)
) ENGINE = MyISAM
  DEFAULT CHARSET = utf8mb4
  COLLATE = utf8mb4_unicode_ci;


DROP TABLE IF EXISTS `family_members`;
CREATE TABLE `family_members`
(
    `id`              bigint(20)                              NOT NULL AUTO_INCREMENT,
    `birth_date`      datetime                                NOT NULL,
    `name`            varchar(100) COLLATE utf8mb4_unicode_ci NOT NULL,
    `surname`         varchar(100) COLLATE utf8mb4_unicode_ci NOT NULL,
    `third_name`      varchar(100) COLLATE utf8mb4_unicode_ci NOT NULL,
    `military_man_id` bigint(20) DEFAULT NULL,
    `sex`             varchar(255) COLLATE utf8mb4_unicode_ci NOT NULL,
    PRIMARY KEY (`id`),
    KEY `FKdmn5lr3y9vawbxjgq1o603sxq` (`military_man_id`)
) ENGINE = MyISAM
  DEFAULT CHARSET = utf8mb4
  COLLATE = utf8mb4_unicode_ci;

INSERT INTO `family_members` (`id`, `birth_date`, `name`, `surname`, `third_name`, `military_man_id`, `sex`)
VALUES (51, '1989-06-23 15:34:27', 'Тімох', 'Шпара', 'Охримович', 1, 'MALE'),
       (52, '2005-06-18 17:58:25', 'Пимон', 'Григорук', 'Глібович', 2, 'MALE'),
       (53, '1987-06-03 00:00:13', 'Нігослав', 'Гуржій', 'Леонідович', 3, 'MALE'),
       (54, '2016-03-13 01:13:24', 'Дивозір', 'Макієнко', 'Соломонович', 4, 'MALE'),
       (55, '1994-01-24 04:47:15', 'Маврикій', 'Лукаш', 'Милославович', 5, 'MALE'),
       (56, '2013-03-24 12:39:52', 'Милан', 'Хрунь', 'Северинович', 6, 'MALE'),
       (57, '2004-08-30 22:06:39', 'Альберт', 'Жевченко', 'Мстиславович', 7, 'MALE'),
       (58, '2011-01-17 04:33:03', 'Еразм', 'Коровченко', 'Світанович', 8, 'MALE'),
       (59, '2008-05-16 05:56:10', 'Фрол', 'Братусь', 'Сарматович', 9, 'MALE'),
       (60, '2002-11-25 07:01:56', 'Щастибог', 'Кармалюк', 'Радимович', 10, 'MALE'),
       (61, '2002-12-14 22:22:46', 'Порфир', 'Лазарук', 'Максимович', 11, 'MALE'),
       (62, '2023-03-28 13:25:08', 'Царко', 'Долиняк', 'Азарович', 12, 'MALE'),
       (63, '2002-03-05 19:57:20', 'Братко', 'Влох', 'Глібович', 13, 'MALE'),
       (64, '2003-02-24 02:14:53', 'Хотимир', 'Букатевич', 'Арсенович', 14, 'MALE'),
       (65, '1996-06-30 21:03:43', 'Благодар', 'Боровець', 'Омелянович', 15, 'MALE'),
       (66, '2005-03-27 12:31:54', 'Щек', 'Криса', 'Юхимович', 16, 'MALE'),
       (67, '1987-08-05 06:04:58', 'Івантослав', 'Борисенко', 'Юхимович', 17, 'MALE'),
       (68, '2003-04-02 02:33:35', 'Толигнів', 'Кулинич', 'Адріанович', 68, 'MALE'),
       (69, '2000-11-12 15:29:03', 'Турбрід', 'Качура', 'Найденович', 69, 'MALE'),
       (70, '1999-12-28 20:37:52', 'Ростун', 'Богданович', 'Ратиборович', 70, 'MALE'),
       (71, '1989-06-21 17:16:34', 'Листвич', 'Цебровський', 'Фролович', 71, 'MALE'),
       (72, '2006-05-27 22:05:26', 'Едуард', 'Дудник', 'Гордиславович', 72, 'MALE'),
       (73, '2004-07-15 05:13:04', 'Житомир', 'Білобрам', 'Охримович', 73, 'MALE'),
       (74, '2016-08-13 17:02:44', 'Святояр', 'Лисовець', 'Вікторович', 74, 'MALE'),
       (75, '1999-04-11 07:08:17', 'Лаврентій', 'Братченко', 'Гордиславович', 75, 'MALE'),
       (76, '2010-01-29 15:08:08', 'Еммануїл', 'Дідицький', 'Вікторович', 76, 'MALE'),
       (77, '1999-04-08 00:45:06', 'Маломир', 'Коваль', 'Адамович', 77, 'MALE'),
       (78, '2021-05-07 07:44:05', 'Зиновій', 'Хархаліс', 'Полянович', 78, 'MALE'),
       (79, '1987-10-26 04:20:14', 'Творислав', 'Скуратівський', 'Макарович', 79, 'MALE'),
       (80, '1988-10-10 17:57:23', 'Щедрогост', 'Гребенченко', 'Пилипович', 80, 'MALE'),
       (81, '1993-12-22 15:39:50', 'Мир', 'Мариняк', 'Левович', 81, 'MALE'),
       (82, '2006-02-19 14:50:17', 'Царко', 'Чижович', 'Антонович', 82, 'MALE'),
       (83, '2014-06-05 06:31:48', 'Корнило', 'Боришевський', 'Драганович', 83, 'MALE'),
       (84, '1991-12-29 22:04:52', 'Цвітан', 'Панасенко', 'Жданович', 84, 'MALE'),
       (85, '2012-03-07 18:17:42', 'Віталій', 'Скирда', 'Олександрович', 85, 'MALE'),
       (86, '2021-12-15 13:43:15', 'Царко', 'Різниченко', 'Жданович', 86, 'MALE'),
       (87, '2018-07-12 01:46:56', 'Корнило', 'Устимович', 'Давидович', 87, 'MALE'),
       (88, '2018-09-27 11:05:59', 'Живорід', 'Лісовський', 'Златович', 88, 'MALE'),
       (89, '1997-09-04 10:55:02', 'Олесь', 'Шпара', 'Тихонович', 89, 'MALE'),
       (90, '1988-08-08 09:31:18', 'Спас', 'Кротевич', 'Пилипович', 90, 'MALE'),
       (91, '2008-10-18 21:29:27', 'Назарій', 'Болобан', 'Драганович', 91, 'MALE'),
       (92, '2007-04-28 16:57:38', 'Біловид', 'Лупейко', 'Бажанович', 92, 'MALE'),
       (93, '2004-11-10 20:24:30', 'Юліан', 'Єльченко', 'Русланович', 93, 'MALE'),
       (94, '1996-03-14 13:11:55', 'Йомер', 'Уманець', 'Гордиславович', 94, 'MALE'),
       (95, '2010-01-08 08:48:29', 'Арсен', 'Хмель', 'Милославович', 95, 'MALE'),
       (96, '2015-09-09 03:46:06', 'Остромисл', 'Жаліло', 'Остапович', 96, 'MALE'),
       (97, '1996-03-13 00:25:23', 'Єремій', 'Тимощук', 'Чеславович', 97, 'MALE'),
       (98, '2006-10-15 13:04:35', 'Білян', 'Устенко', 'Омелянович', 98, 'MALE'),
       (99, '1993-06-18 06:33:32', 'Яровид', 'Афендик', 'Никодимович', 99, 'MALE'),
       (100, '1990-01-19 11:04:48', 'Уличан', 'Нестерчук', 'Ратиборович', 100, 'MALE');

DROP TABLE IF EXISTS `finance_sources`;
CREATE TABLE `finance_sources`
(
    `id`            bigint(20)                              NOT NULL AUTO_INCREMENT,
    `currency_type` varchar(255) COLLATE utf8mb4_unicode_ci NOT NULL,
    `name`          varchar(255) COLLATE utf8mb4_unicode_ci NOT NULL,
    `sum`           double                                  NOT NULL,
    PRIMARY KEY (`id`)
) ENGINE = MyISAM
  DEFAULT CHARSET = utf8mb4
  COLLATE = utf8mb4_unicode_ci;

INSERT INTO `finance_sources` (`id`, `currency_type`, `name`, `sum`)
VALUES (21, 'USD', 'Міський бюджет', 5657356),
       (22, 'EUR', 'Міський бюджет', 5991025),
       (23, 'USD', 'Міський бюджет', 4065379),
       (24, 'EUR', 'Міський бюджет', 4014523),
       (25, 'USD', 'Міський бюджет', 4002872),
       (26, 'USD', 'Міський бюджет', 7784067),
       (27, 'EUR', 'Міський бюджет', 9976432),
       (28, 'UAH', 'Міський бюджет', 5209615),
       (29, 'UAH', 'Міський бюджет', 589160),
       (30, 'UAH', 'Міський бюджет', 2418905),
       (31, 'USD', 'Міський бюджет', 3060723),
       (32, 'UAH', 'Міський бюджет', 8347708),
       (33, 'EUR', 'Міський бюджет', 4047518),
       (34, 'UAH', 'Міський бюджет', 1877799),
       (35, 'UAH', 'Міський бюджет', 6508586),
       (36, 'EUR', 'Міський бюджет', 234055),
       (37, 'EUR', 'Міський бюджет', 2540130),
       (38, 'USD', 'Міський бюджет', 13750),
       (39, 'UAH', 'Міський бюджет', 5223955),
       (40, 'USD', 'Міський бюджет', 2115226);

DROP TABLE IF EXISTS `garrisons`;
CREATE TABLE `garrisons`
(
    `id`                        bigint(20)                              NOT NULL AUTO_INCREMENT,
    `name`                      varchar(100) COLLATE utf8mb4_unicode_ci NOT NULL,
    `region`                    varchar(100) COLLATE utf8mb4_unicode_ci NOT NULL,
    `price_per_meter`           double                                  NOT NULL,
    `housing_rent_compensation` double                                  NOT NULL,
    PRIMARY KEY (`id`)
) ENGINE = MyISAM
  DEFAULT CHARSET = utf8mb4
  COLLATE = utf8mb4_unicode_ci;

INSERT INTO `garrisons` (`id`, `name`, `region`, `price_per_meter`, `housing_rent_compensation`)
VALUES (1, 'Київ', 'Київ', 20870, 3800),
       (2, 'Василькiв', 'Київська обл.', 19570, 1900),
       (3, 'Гостомель', 'Київська обл.', 19750, 1900),
       (4, 'Переяславський', 'Київська обл.', 18450, 1900),
       (5, 'Бровари', 'Київська обл.', 19200, 1900),
       (6, 'Бориспiль', 'Київська обл.', 19655, 1900),
       (7, 'Семиполки', 'Київська обл.', 18437, 1900);

DROP TABLE IF EXISTS `hibernate_sequence`;
CREATE TABLE `hibernate_sequence`
(
    `next_val` bigint(20) DEFAULT NULL
) ENGINE = MyISAM
  DEFAULT CHARSET = latin1;


DROP TABLE IF EXISTS `military_man`;
CREATE TABLE `military_man`
(
    `id`                          bigint(20)                              NOT NULL AUTO_INCREMENT,
    `accounting_date`             datetime                                NOT NULL,
    `address`                     varchar(255) COLLATE utf8mb4_unicode_ci,
    `apartment_file_date`         datetime                                         DEFAULT NULL,
    `apartment_file_number`       varchar(255) COLLATE utf8mb4_unicode_ci          DEFAULT NULL,
    `death_date`                  datetime                                         DEFAULT NULL,
    `family_war_2022`             bit(1)                                  NOT NULL DEFAULT b'0',
    `general_queue`               int(11)                                 NOT NULL,
    `info`                        longtext COLLATE utf8mb4_unicode_ci,
    `ipn`                         varchar(255) COLLATE utf8mb4_unicode_ci NOT NULL,
    `name`                        varchar(100) COLLATE utf8mb4_unicode_ci NOT NULL,
    `phone_number`                varchar(255) COLLATE utf8mb4_unicode_ci NOT NULL,
    `provided`                    varchar(255) COLLATE utf8mb4_unicode_ci NOT NULL,
    `quota_date`                  datetime                                         DEFAULT NULL,
    `quota_queue`                 int(11)                                 NOT NULL,
    `registrated`                 bit(1)                                  NOT NULL DEFAULT b'0',
    `room_count`                  int(11)                                 NOT NULL DEFAULT '1',
    `rozshirennya`                bit(1)                                  NOT NULL DEFAULT b'0',
    `service_from`                datetime                                NOT NULL,
    `service_until`               datetime                                         DEFAULT NULL,
    `surname`                     varchar(100) COLLATE utf8mb4_unicode_ci NOT NULL,
    `third_name`                  varchar(100) COLLATE utf8mb4_unicode_ci NOT NULL,
    `create_date`                 datetime                                NOT NULL,
    `created_by_ipn`              varchar(255) COLLATE utf8mb4_unicode_ci NOT NULL,
    `want_compensation`           bit(1)                                  NOT NULL DEFAULT b'0',
    `quota_id`                    bigint(20)                                       DEFAULT NULL,
    `rank_id`                     bigint(20)                              NOT NULL,
    `work_id`                     bigint(20)                              NOT NULL,
    `preview_id`                  bigint(20)                              NOT NULL DEFAULT '-1',
    PRIMARY KEY (`id`),
    KEY `FK75ngois8jah3gvplbeo5t5urk` (`quota_id`),
    KEY `FK6lhun1i5dt8l6egcbom8y97tr` (`rank_id`),
    KEY `FK42jlfwxfgrxf53725safgrgyx` (`work_id`)
) ENGINE = MyISAM
  DEFAULT CHARSET = utf8mb4
  COLLATE = utf8mb4_unicode_ci;

# INSERT INTO `military_man` (`id`, `accounting_date`, `address`, `apartment_file_date`, `apartment_file_number`,
#                             `death_date`, `expected_compensation_value`, `family_war_2022`, `general_queue`, `info`,
#                             `ipn`, `name`, `phone_number`, `provided`, `quota_date`, `quota_queue`, `registrated`,
#                             `room_count`, `rozshirennya`, `service_from`, `service_until`, `surname`, `third_name`,
#                             `create_date`, `want_compensation`, `quota_id`, `rank_id`, `work_id`)
# VALUES (1, '1992-10-01 00:00:00', 'м. Київ, вул. Київська 1, кв. 1 ', '1992-09-01 00:00:00', '11',
#         '2012-10-01 00:00:00', 0, CONV('0', 2, 10) + 0, 0, NULL, '1234567890', 'Борис', '1234567890', 'POST',
#         '1992-10-01 00:00:00', 0, CONV('1', 2, 10) + 0, 0, CONV('0', 2, 10) + 0, '1982-10-01 00:00:00',
#         '2023-10-01 00:00:00', 'Назаренко', 'Борисович', '2022-07-21 15:45:16', CONV('0', 2, 10) + 0, 1, 1, 1),
#        (2, '1992-10-01 00:00:00', 'м. Київ, вул. Київська 1, кв. 1 ', '1992-09-01 00:00:00', '12',
#         '2012-10-01 00:00:00', 0, CONV('1', 2, 10) + 0, 0, NULL, '1234567899', 'Артем', '1234567845', 'COMP',
#         '1992-10-01 00:00:00', 0, CONV('1', 2, 10) + 0, 0, CONV('0', 2, 10) + 0, '1982-10-01 00:00:00',
#         '2023-10-01 00:00:00', 'Клопотенко', 'Кирилович', '2022-07-21 15:45:16', CONV('0', 2, 10) + 0, 2, 3, 1),
#        (3, '1992-10-01 00:00:00', 'м. Київ, вул. Київська 1, кв. 1 ', '1992-09-01 00:00:00', '13', NULL, 0,
#         CONV('1', 2, 10) + 0, 1, NULL, '1234567899', 'Артур', '1234567845', 'NO', '1992-10-01 00:00:00', 1,
#         CONV('1', 2, 10) + 0, 3, CONV('0', 2, 10) + 0, '1982-10-01 00:00:00', '2023-10-01 00:00:00', 'Клопотенко',
#         'Кирилович', '2022-07-21 15:45:16', CONV('0', 2, 10) + 0, 2, 3, 1),
#        (4, '1992-10-01 00:00:00', 'м. Київ, вул. Київська 1, кв. 1 ', '1992-09-01 00:00:00', '14', NULL, 2000000,
#         CONV('1', 2, 10) + 0, 2, NULL, '1234567809', 'Петро', '1234567845', 'NO', '1992-10-01 00:00:00', 2,
#         CONV('1', 2, 10) + 0, 3, CONV('0', 2, 10) + 0, '1982-10-01 00:00:00', '2023-10-01 00:00:00', 'Петренко',
#         'Артурович ', '2022-07-21 15:45:16', CONV('1', 2, 10) + 0, 7, 3, 1),
#        (5, '1992-10-01 00:00:00', 'м. Київ, вул. Київська 1, кв. 1 ', '1992-09-01 00:00:00', '15', NULL, 2000000,
#         CONV('1', 2, 10) + 0, 3, NULL, '1234567831', 'Артем', '1234567845', 'NO', NULL, 0, CONV('1', 2, 10) + 0, 0,
#         CONV('0', 2, 10) + 0, '1982-10-01 00:00:00', NULL, 'Назаренко', 'Кирилович', '2022-07-21 15:45:16',
#         CONV('1', 2, 10) + 0, NULL, 4, 4),
#        (6, '1992-10-01 00:00:00', 'м. Київ, вул. Київська 1, кв. 1 ', '1992-09-01 00:00:00', '16',
#         '2012-10-01 00:00:00', 2000000, CONV('1', 2, 10) + 0, 4, NULL, '1234567831', 'Кирило', '1234567845', 'NO',
#         '1992-10-01 00:00:00', 3, CONV('1', 2, 10) + 0, 0, CONV('0', 2, 10) + 0, '1982-10-01 00:00:00',
#         '2023-10-01 00:00:00', 'Борисенко', 'Кирилович', '2022-07-21 15:45:16', CONV('1', 2, 10) + 0, 1, 4, 4);

INSERT INTO `military_man` (`id`, `accounting_date`, `address`, `apartment_file_date`, `apartment_file_number`,
                            `death_date`, `family_war_2022`, `general_queue`, `info`,
                            `ipn`, `name`, `phone_number`, `provided`, `quota_date`, `quota_queue`, `registrated`,
                            `room_count`, `rozshirennya`, `service_from`, `service_until`, `surname`, `third_name`,
                            `create_date`, `created_by_ipn`, `want_compensation`, `quota_id`, `rank_id`, `work_id`, `preview_id`)
VALUES (1, '2003-05-02 11:11:59', 'Пішоходна 1, кв. 1', '2023-12-22 14:11:13', '13', '2010-11-22 00:26:39',
        CONV('1', 2, 10) + 0, 1, 'MTINEKDEVJNKZEMROGWSTTOCEZMBZGO\r\nSAD\r\nSKLAFOLRXRH\r\nIEHEBR\r\nRQOYSGQDSMUM',
        '6559583301', 'Цвітан', '+380685789012', 'POST', '1999-08-13 20:05:45', 53, CONV('1', 2, 10) + 0, 2,
        CONV('0', 2, 10) + 0, '1996-01-23 12:58:22', NULL, 'Кармалюк', 'Антонович', '2001-02-06 23:31:32',
        '12323212', CONV('0', 2, 10) + 0, 1, 1, 1, -1),
       (2, '2008-01-10 17:44:27', 'Донецька 1, кв. 1', '2023-12-23 20:55:38', '21', NULL, CONV('1', 2, 10) + 0, 2,
        'MHPJRJRLADXXTULWPQMYJAKLHVKCNXDMHWFZVCTQWEYYX\r\nFWEQQSDLLSVAU\r\nGW', '6943889540', 'Олесь', '+380685234567',
        'POST', '2011-01-17 22:57:06', 54, CONV('1', 2, 10) + 0, 3, CONV('0', 2, 10) + 0, '2010-12-05 13:38:33',
        '2021-07-02 19:20:39', 'Коровченко', 'Русланович', '2014-04-07 20:27:12', '12323212', CONV('1', 2, 10) + 0, 2, 2, 2, -1),
       (3, '2017-05-26 16:38:52', 'Пішоходна 1, кв. 1', '2023-12-12 14:54:07', '24', '2011-04-22 16:39:27',
        CONV('0', 2, 10) + 0, 3, 'GOYUCQCERZICGLSPIU\r\nHZZELIRMZNJQDJSSWCTLFALGFS', '7953524073', 'Щедрогост',
        '+380685901234', 'POST', '2018-12-17 03:13:30', 55, CONV('1', 2, 10) + 0, 2, CONV('0', 2, 10) + 0,
        '2010-11-25 11:43:27', NULL, 'Афендик', 'Гордиславович', '2022-01-12 11:35:28', '12323212', CONV('0', 2, 10) + 0, 3, 3, 3,
        -1),
       (4, '2012-10-02 19:56:59', 'Хмельницька 1, кв. 1', '2023-11-21 00:14:58', '17', NULL, CONV('0', 2, 10) + 0, 4,
        'YNULIHUHUJFMVJNIOYRNHUJXKO\r\n', '4703186231', 'Еразм', '+380685123456', 'POST', '2004-02-10 14:17:47', 56,
        CONV('0', 2, 10) + 0, 3, CONV('0', 2, 10) + 0, '2008-01-21 00:40:15', '2004-07-02 11:52:32', 'Скирда',
        'Максимович', '2002-02-02 20:28:20', '12323212', CONV('0', 2, 10) + 0, 4, 4, 4, -1),
       (5, '1998-06-29 06:20:18', 'Хмельницька 1, кв. 1', '2023-12-07 18:58:11', '4', '2009-12-22 08:27:15',
        CONV('1', 2, 10) + 0, 5, 'KTL', '1789640601', 'Турбрід', '+380685678901', 'POST', '2002-06-03 15:41:42', 57,
        CONV('1', 2, 10) + 0, 3, CONV('0', 2, 10) + 0, '2005-05-15 16:36:28', NULL, 'Уманець', 'Олександрович',
        '2022-06-27 07:54:46', '12323212', CONV('0', 2, 10) + 0, 5, 5, 5, -1),
       (6, '2005-03-08 23:09:28', 'Київська 1, кв. 1', '2023-11-17 21:01:23', '36', NULL, CONV('0', 2, 10) + 0, 6,
        'CTZVLEBFKYGJAFFCCEURXSZXKOMGVPZ', '2828268293', 'Милан', '+380685678901', 'POST', '2020-05-09 21:34:01', 58,
        CONV('1', 2, 10) + 0, 1, CONV('0', 2, 10) + 0, '2000-01-04 14:23:07', '2015-07-02 02:29:29', 'Різниченко',
        'Мстиславович', '1998-07-31 19:45:52', '12323212', CONV('0', 2, 10) + 0, 6, 6, 6, -1),
       (7, '2019-02-19 06:22:11', 'Донецька 1, кв. 1', '2023-11-28 13:21:24', '38', '1987-08-12 04:47:50',
        CONV('0', 2, 10) + 0, 7, 'TXAOOFELJVMCSWPDWVAHIBMUMCLDTGOBIEIYXRKJL\r\nCCYVNKVMCPGHJ\r\nPEMC', '0530188278',
        'Хотимир', '+380685123456', 'POST', '2011-01-09 04:12:37', 59, CONV('0', 2, 10) + 0, 2, CONV('0', 2, 10) + 0,
        '2017-06-11 05:47:52', NULL, 'Мариняк', 'Адамович', '2019-03-18 16:25:18', '12323212', CONV('0', 2, 10) + 0, 7, 7, 7, -1),
       (8, '1997-02-13 10:03:19', 'Пішоходна 1, кв. 1', '2023-11-10 15:58:40', '11', NULL, CONV('1', 2, 10) + 0, 8,
        'FYABOX', '3845877939', 'Творислав', '+380685345678', 'POST', '1998-12-14 15:42:37', 60, CONV('1', 2, 10) + 0, 3,
        CONV('0', 2, 10) + 0, '2011-06-26 00:07:10', '2003-12-08 20:32:08', 'Гуржій', 'Северинович',
        '1993-10-04 18:11:33', '12323212', CONV('0', 2, 10) + 0, 8, 8, 8, -1),
       (9, '2001-01-14 19:32:30', 'Донецька 1, кв. 1', '2023-12-16 23:10:54', '34', '1989-01-02 03:25:18',
        CONV('0', 2, 10) + 0, 9,
        'DYEKSNLETAVDGQASVSIZUQOHHKCZFCFOQZMGWDQF\r\nGOLUYUPAGJUIHQOFQDCXXJRVCHZJNBOBUYUBTFYQDAXKWFOR\r\nZ',
        '5427703694', 'Щек', '+380685012345', 'POST', '2005-03-27 16:29:04', 61, CONV('1', 2, 10) + 0, 3,
        CONV('0', 2, 10) + 0, '1988-01-13 17:52:02', NULL, 'Долиняк', 'Юхимович', '1997-10-07 08:03:27',
        '12323212', CONV('0', 2, 10) + 0, 9, 9, 9, -1),
       (10, '2020-05-04 23:58:56', 'Кирилівська 1, кв. 1', '2023-12-07 17:19:06', '2', NULL, CONV('0', 2, 10) + 0,
        10, 'GVGHZGYHSFXKYO\r\nLR', '6502774216', 'Івантослав', '+380685234567', 'POST', '2005-04-26 12:42:02', 62,
        CONV('0', 2, 10) + 0, 3, CONV('0', 2, 10) + 0, '2019-01-14 09:41:51', '2013-01-06 07:40:51', 'Лукаш',
        'Бажанович', '2019-12-19 08:59:36', '12323212', CONV('0', 2, 10) + 0, 10, 10, 10, -1),
       (11, '2006-03-07 09:00:32', 'Долгунська 1, кв. 1', '2023-12-17 14:55:32', '26', '2013-03-21 04:54:13',
        CONV('1', 2, 10) + 0, 11, 'QL\r\nDJD\r\nHKARVKPAVYMIWZ\r\nMONK\r\nHWRINMLFB', '0040607831', 'Фрол',
        '+380685678901', 'COMP', '1997-04-24 23:12:44', 63, CONV('1', 2, 10) + 0, 2, CONV('0', 2, 10) + 0,
        '2016-06-30 16:14:55', NULL, 'Хархаліс', 'Фролович', '2008-03-03 10:25:06', '12323212', CONV('0', 2, 10) + 0, 11, 11, 11,
        -1),
       (12, '2005-11-17 16:05:06', 'Кирилівська 1, кв. 1', '2023-11-10 18:56:41', '45', NULL, CONV('0', 2, 10) + 0,
        12, 'HRIWJOVNTCBVZBXMKOYUQNSIWIYVAHG\r\nTGYSLSUDNNSWWRXSMJJQDPC\r\nSYSXIUERAHXAXSVQFBQBCDVR', '5174876510',
        'Житомир', '+380685678901', 'COMP', '1998-12-27 13:26:28', 64, CONV('1', 2, 10) + 0, 2, CONV('0', 2, 10) + 0,
        '1987-05-19 14:05:27', '2013-05-08 19:41:40', 'Гребенченко', 'Гордиславович', '2017-01-24 14:45:20',
        '12323212', CONV('0', 2, 10) + 0, 1, 12, 12, -1),
       (13, '2014-07-25 08:37:23', 'Хмельницька 1, кв. 1', '2023-11-16 23:59:33', '32', '2019-09-07 13:26:06',
        CONV('0', 2, 10) + 0, 13,
        'WNCCQUMIHEBORSXNEWMUWCQYOCVEGDMMPQGTOOIABHBSAFZQCRRMYVFNWWEWNWFZMRRJVRHAVYULRLN\r\nRMYDKVW', '7116630598',
        'Єремій', '+380685012345', 'COMP', '2003-08-09 01:16:37', 65, CONV('1', 2, 10) + 0, 3, CONV('0', 2, 10) + 0,
        '1997-07-14 10:21:15', NULL, 'Шпара', 'Омелянович', '2020-10-10 08:49:08', '12323212', CONV('0', 2, 10) + 0, 13, 13, 13,
        -1),
       (14, '2016-04-07 04:41:59', 'Пішоходна 1, кв. 1', '2023-12-12 23:26:33', '31', NULL, CONV('0', 2, 10) + 0, 14,
        'LNUXMSTETEEBRTCVJDBURWEUSVTPWCRXZCUBIJQNLPPRWCNVBFVAXWYPDLPYIFLBSFRXAQVRTECEIE', '2112716052', 'Тімох',
        '+380685234567', 'COMP', '2007-07-15 04:36:14', 66, CONV('1', 2, 10) + 0, 1, CONV('0', 2, 10) + 0,
        '1991-05-09 08:48:07', '2015-04-06 11:40:49', 'Криса', 'Давидович', '2020-07-02 21:43:50', '12323212', CONV('0', 2, 10) + 0,
        14, 14, 14, -1),
       (15, '1997-10-25 05:54:46', 'Долгунська 1, кв. 1', '2023-12-28 20:11:41', '5', '2004-10-25 18:58:03',
        CONV('1', 2, 10) + 0, 15, 'RJCXZUBYJQT', '3788996865', 'Корнило', '+380685123456', 'COMP', '1995-06-19 20:48:34',
        67, CONV('1', 2, 10) + 0, 2, CONV('0', 2, 10) + 0, '1994-10-08 10:18:34', NULL, 'Болобан', 'Адріанович',
        '2022-07-01 20:46:55', '12323212', CONV('0', 2, 10) + 0, 15, 15, 15, -1),
       (16, '2012-10-11 10:54:40', 'Кирилівська 1, кв. 1', '2023-11-08 02:17:44', '22', NULL, CONV('0', 2, 10) + 0,
        16, 'CA\r\nXNRGLLPNRF\r\nPCYYFEXMPHTPDCEEHPFZKPQURQRHMPVZCQGXKCKELWUPHGJJRRRQPBGFAPDTSGKV\r\nFEUHNMMHTRGGATZB',
        '0987129013', 'Царко', '+380685012345', 'COMP', '2012-01-07 10:03:52', 68, CONV('0', 2, 10) + 0, 3,
        CONV('0', 2, 10) + 0, '1999-04-14 14:41:35', '2014-01-21 19:36:06', 'Устенко', 'Чеславович',
        '2012-11-12 02:43:42', '12323212', CONV('0', 2, 10) + 0, 16, 16, 16, -1),
       (17, '2011-11-05 12:35:58', 'Долгунська 1, кв. 1', '2023-12-26 16:19:05', '19', '2019-05-07 20:48:38',
        CONV('1', 2, 10) + 0, 17, 'BCNSAFFDWEH', '6353016353', 'Толигнів', '+380685012345', 'COMP', '2004-02-24 08:11:34',
        69, CONV('1', 2, 10) + 0, 1, CONV('0', 2, 10) + 0, '2008-12-18 14:35:56', NULL, 'Єльченко', 'Арсенович',
        '2019-01-27 02:22:39', '12323212', CONV('0', 2, 10) + 0, 8, 17, 17, -1),
       (18, '1995-03-30 11:40:11', 'Кирилівська 1, кв. 1', '2023-12-13 12:16:48', '39', NULL, CONV('1', 2, 10) + 0,
        18, 'GEGIDVIHQNQOBLLIRKDELH\r\nYCFNFFDZJVE\r\nYOLTOIAPNDUJAMTHUCIAZ\r\n\r\nEEFTNYEJSHGCXJ', '4288824413', 'Мир',
        '+380685901234', 'COMP', '2020-07-14 03:16:39', 70, CONV('1', 2, 10) + 0, 1, CONV('0', 2, 10) + 0,
        '2015-12-28 13:04:32', '2007-03-18 00:59:47', 'Панасенко', 'Глібович', '2003-03-29 23:12:51',
        '12323212', CONV('0', 2, 10) + 0, 3, 18, 18, -1),
       (19, '1999-06-20 05:29:41', 'Харківська 1, кв. 1', '2023-12-23 19:06:37', '9', '1991-03-21 01:40:02',
        CONV('0', 2, 10) + 0, 19, 'USHZXAABPBNJFOLXTAJTOKXHNCNSERDODLRQDFZHZOIDCBPGNGNDHK\r\nMVSE\r\nQ', '0349407569',
        'Благодар', '+380685789012', 'COMP', '2012-03-07 06:14:35', 71, CONV('1', 2, 10) + 0, 3, CONV('0', 2, 10) + 0,
        '2016-07-16 17:29:37', NULL, 'Лисовець', 'Глібович', '2004-10-29 02:03:10', '12323212', CONV('0', 2, 10) + 0, 24, 19, 19,
        -1),
       (20, '2006-06-25 14:02:27', 'Кирилівська 1, кв. 1', '2023-11-16 18:10:33', '16', NULL, CONV('1', 2, 10) + 0,
        20, '', '1811061144', 'Маломир', '+380685345678', 'COMP', '2009-11-05 10:24:59', 72, CONV('1', 2, 10) + 0, 1,
        CONV('0', 2, 10) + 0, '1984-02-29 20:19:14', '2010-11-09 02:57:11', 'Хмель', 'Тихонович', '2016-08-09 14:24:45',
        '12323212', CONV('1', 2, 10) + 0, 20, 70, 70, -1),
       (21, '1996-11-15 05:45:58', 'Київська 1, кв. 1', '2023-12-20 06:06:12', '29', '2003-05-28 06:25:35',
        CONV('0', 2, 10) + 0, 21, 'KKIAKNLYXWUHSVHFXLIOWNDCENAOSENMLNUTQOERGKVKJJEP\r\nUEJZGXV', '5232982358',
        'Біловид', '+380685012345', 'NO', '2016-12-09 05:38:23', 73, CONV('1', 2, 10) + 0, 2, CONV('0', 2, 10) + 0,
        '2010-11-06 02:29:40', NULL, 'Жаліло', 'Гордиславович', '2013-09-16 10:22:17', '12323212', CONV('0', 2, 10) + 0, 14, 21, 21,
        -1),
       (22, '1993-10-06 01:10:24', 'Київська 1, кв. 1', '2023-11-02 03:22:01', '20', NULL, CONV('0', 2, 10) + 0, 22,
        'OFQBYXNOTZFLSQEHRNZ\r\nUMEUTWCUKFM\r\nFIG', '0254757888', 'Білян', '+380685901234', 'NO', '2015-04-12 16:09:05',
        74, CONV('1', 2, 10) + 0, 1, CONV('0', 2, 10) + 0, '2007-08-15 20:07:43', '2002-08-29 10:39:44', 'Лісовський',
        'Вікторович', '1996-08-23 19:07:45', '12323212', CONV('0', 2, 10) + 0, 10, 22, 22, -1),
       (23, '1999-03-20 03:02:58', 'Хмельницька 1, кв. 1', '2023-12-20 13:24:21', '25', '2010-07-23 02:32:09',
        CONV('1', 2, 10) + 0, 23, 'AHT', '2722368146', 'Корнило', '+380685345678', 'NO', '2011-04-27 10:39:40', 75,
        CONV('1', 2, 10) + 0, 3, CONV('0', 2, 10) + 0, '1996-10-07 04:17:36', NULL, 'Хрунь', 'Полянович',
        '1993-12-26 01:03:18', '12323212', CONV('1', 2, 10) + 0, 15, 23, 23, -1),
       (24, '2011-10-30 15:04:56', 'Київська 1, кв. 1', '2023-12-02 18:14:46', '42', NULL, CONV('1', 2, 10) + 0, 24,
        'JXQPOHXDEMWHMTELSQVASAFA\r\nAYYSXAVYN\r\nBFIMSQLQYQ\r\nFGF\r\nEOPKKGDKPEEEEJIKELC', '4030463015', 'Щастибог',
        '+380685901234', 'GURT', '1997-11-01 16:28:03', 76, CONV('1', 2, 10) + 0, 1, CONV('0', 2, 10) + 0,
        '2017-09-23 03:19:27', '2006-10-08 04:21:27', 'Цебровський', 'Остапович', '2008-08-19 16:40:47',
        '12323212', CONV('0', 2, 10) + 0, 5, 24, 24, -1),
       (25, '2002-12-27 01:18:02', 'Пішоходна 1, кв. 1', '2023-12-05 05:08:03', '6', '1995-08-31 07:14:09',
        CONV('1', 2, 10) + 0, 25, 'DH', '9732343006', 'Еммануїл', '+380685123456', 'NO', '2002-08-10 08:09:26', 77,
        CONV('1', 2, 10) + 0, 3, CONV('0', 2, 10) + 0, '1993-04-28 01:49:41', NULL, 'Устимович', 'Охримович',
        '1993-02-18 00:58:48', '12323212', CONV('0', 2, 10) + 0, 16, 25, 25, -1),
       (26, '2023-10-30 20:44:05', 'Долгунська 1, кв. 1', '2023-12-03 17:17:20', '50', NULL, CONV('0', 2, 10) + 0,
        26,
        'CJK\r\nXMGFUAWCDDUFEGLRQBJDMVCUGSMITNHJGZ\r\nGLQGGBGCYPQJXUP\r\nLHDISWVWZCLVTWLQZQWUNIXLUCXBIQOCPZMZSWPWMR',
        '0857478248', 'Дивозір', '+380685789012', 'GURT', '2023-07-02 03:06:01', 78, CONV('1', 2, 10) + 0, 3,
        CONV('0', 2, 10) + 0, '2017-12-20 15:15:59', '2003-12-25 00:10:38', 'Боришевський', 'Вікторович',
        '2006-02-06 06:23:47', '12323212', CONV('1', 2, 10) + 0, 4, 26, 26, -1),
       (27, '2006-02-18 03:50:32', 'Хмельницька 1, кв. 1', '2023-11-17 17:43:51', '47', '2003-03-05 05:04:05',
        CONV('1', 2, 10) + 0, 27, 'HLRXLEHKKAZJCVWOMA', '1073925862', 'Царко', '+380685901234', 'NO',
        '2017-03-04 01:06:16', 79, CONV('1', 2, 10) + 0, 2, CONV('0', 2, 10) + 0, '2006-12-05 13:20:03', NULL,
        'Скуратівський', 'Охримович', '2004-10-20 22:45:31', '12323212', CONV('1', 2, 10) + 0, 2, 27, 27, -1),
       (28, '2018-02-06 19:09:28', 'Хмельницька 1, кв. 1', '2023-11-23 06:23:40', '10', NULL, CONV('0', 2, 10) + 0,
        28, 'Y\r\nTXSBOXDHCYPQ\r\nGIESSSJQKXQRBSAVWPFEEXRLTRRQTBNNCVTH\r\nEAE', '3706093975', 'Ростун', '+380685678901',
        'NO', '2021-07-30 14:33:36', 80, CONV('1', 2, 10) + 0, 1, CONV('0', 2, 10) + 0, '1990-08-06 05:10:29',
        '2010-06-06 09:39:08', 'Дудник', 'Радимович', '2009-03-24 16:10:18', '12323212', CONV('0', 2, 10) + 0, 17, 28, 28, -1),
       (29, '2007-11-09 15:51:19', 'Харківська 1, кв. 1', '2023-11-28 08:29:39', '27', '2000-05-21 17:14:20',
        CONV('1', 2, 10) + 0, 29, 'GUAIMLMWSEOAZFQCY', '2995113872', 'Юліан', '+380685234567', 'NO', '1999-06-13 18:50:19',
        81, CONV('1', 2, 10) + 0, 3, CONV('0', 2, 10) + 0, '2009-01-21 08:49:28', NULL, 'Макієнко', 'Милославович',
        '2003-04-29 18:24:24', '12323212', CONV('0', 2, 10) + 0, 2, 29, 29, -1),
       (30, '2009-11-19 06:19:03', 'Долгунська 1, кв. 1', '2023-12-28 12:28:36', '43', NULL, CONV('1', 2, 10) + 0,
        30, 'TBPWYUQQOHJUQWDBPDXQGEJXGTSDF\r\nCBWVQDBUBDFSCK', '6910027634', 'Лаврентій', '+380685678901', 'SHPZH',
        '1998-09-03 23:02:10', 82, CONV('1', 2, 10) + 0, 2, CONV('0', 2, 10) + 0, '1996-01-29 02:05:05',
        '2009-01-19 13:18:27', 'Тимощук', 'Левович', '2002-06-30 17:56:09', '12323212', CONV('1', 2, 10) + 0, 1, 30, 30, -1),
       (31, '2011-10-10 06:32:58', 'Донецька 1, кв. 1', '2023-11-23 18:35:20', '1', '2001-05-28 04:59:10',
        CONV('0', 2, 10) + 0, 31, 'VFVM', '7795000228', 'Царко', '+380685234567', 'NO', '2017-11-13 09:22:44', 83,
        CONV('1', 2, 10) + 0, 3, CONV('0', 2, 10) + 0, '2008-11-17 13:12:07', NULL, 'Жевченко', 'Леонідович',
        '2000-05-11 00:45:27', '12323212', CONV('0', 2, 10) + 0, 16, 31, 31, -1),
       (32, '2012-11-07 20:09:02', 'Пішоходна 1, кв. 1', '2023-12-07 15:23:51', '7', NULL, CONV('0', 2, 10) + 0, 32,
        'VSCIDK\r\nWRHRIVHDFCEZOIHMRYWXPMZVRLX\r\nUQRBVUPUJLNDIRXFKVUEDYRNSUNNRJJRIPQBVLVEZRCLJAMZHSS', '3205136398',
        'Пимон', '+380685345678', 'NO', '2019-01-19 02:19:30', 84, CONV('1', 2, 10) + 0, 1, CONV('0', 2, 10) + 0,
        '2017-01-04 17:37:37', '2018-07-26 22:58:39', 'Букатевич', 'Соломонович', '1995-11-10 15:35:08',
        '12323212', CONV('0', 2, 10) + 0, 18, 32, 32, -1),
       (33, '2000-06-17 02:57:17', 'Донецька 1, кв. 1', '2023-12-28 12:23:40', '12', '2005-01-11 16:55:09',
        CONV('1', 2, 10) + 0, 33, 'KWYJZTV\r\nSUEFMBTEFIWUM', '3264414456', 'Йомер', '+380685789012', 'SHPZH',
        '2013-02-06 18:33:46', 85, CONV('1', 2, 10) + 0, 1, CONV('0', 2, 10) + 0, '2008-07-26 02:51:33', NULL,
        'Білобрам', 'Омелянович', '1994-04-09 02:11:26', '12323212', CONV('0', 2, 10) + 0, 21, 33, 33, -1),
       (34, '2005-10-06 08:47:52', 'Донецька 1, кв. 1', '2023-12-07 08:52:37', '28', NULL, CONV('0', 2, 10) + 0, 34,
        'CKCHKW\r\nKBZFUKCKWWZZQNBHA\r\nYOAOCEYDAOWDFBAKZZQ\r\nEZQXSTETWZFTRSWYEHWFRQBRWCVNZVYDGBB', '4670858150',
        'Віталій', '+380685123456', 'GURT', '2003-05-05 18:05:16', 86, CONV('1', 2, 10) + 0, 2, CONV('0', 2, 10) + 0,
        '2018-01-15 16:19:41', '2008-06-27 13:27:39', 'Боровець', 'Милославович', '2012-09-16 22:26:34',
        '12323212', CONV('0', 2, 10) + 0, 11, 34, 34, -1),
       (35, '1994-07-27 06:52:18', 'Київська 1, кв. 1', '2023-11-09 03:50:18', '33', '2005-12-08 18:36:38',
        CONV('0', 2, 10) + 0, 35, 'COI', '9039869100', 'Нігослав', '+380685234567', 'NO', '2021-06-26 23:28:46', 87,
        CONV('1', 2, 10) + 0, 3, CONV('0', 2, 10) + 0, '1989-11-26 09:40:53', NULL, 'Братченко', 'Ратиборович',
        '2005-04-20 01:35:10', '12323212', CONV('0', 2, 10) + 0, 22, 35, 35, -1),
       (36, '2023-05-27 07:02:39', 'Кирилівська 1, кв. 1', '2023-11-15 14:23:17', '23', NULL, CONV('1', 2, 10) + 0,
        36, 'BKYJ\r\nJ\r\nIHUZEMPQJXFEPIKKJUTMQFYTCGWAEGMKXRRKSII\r\nLPELPRIAROTNMGOLPL\r\nO\r\nQJZF', '5000723178',
        'Едуард', '+380685345678', 'NO', '2017-01-24 08:19:51', 88, CONV('1', 2, 10) + 0, 3, CONV('0', 2, 10) + 0,
        '2006-12-11 02:50:45', '2020-03-29 21:01:44', 'Шпара', 'Пилипович', '2020-08-26 07:47:22', '12323212', CONV('0', 2, 10) + 0,
        11, 36, 36, -1),
       (37, '1997-05-07 02:43:18', 'Харківська 1, кв. 1', '2023-12-20 07:29:43', '8', '2011-06-21 11:12:01',
        CONV('0', 2, 10) + 0, 37,
        'FVEWAU\r\nM\r\nWUK\r\nIZGBJYUFENQJYFYNQC\r\nJ\r\nZKLDVLFVYTCBSYPWVGCZBPXGPLI\r\nXWOX', '3157437788', 'Альберт',
        '+380685234567', 'NO', '1998-10-30 01:23:03', 89, CONV('1', 2, 10) + 0, 3, CONV('0', 2, 10) + 0,
        '2001-05-01 20:46:15', NULL, 'Коваль', 'Азарович', '1994-02-23 13:28:06', '12323212', CONV('0', 2, 10) + 0, 7, 37, 37, -1),
       (38, '2003-03-02 06:56:53', 'Харківська 1, кв. 1', '2023-11-27 12:54:05', '35', NULL, CONV('0', 2, 10) + 0, 38,
        'OLALKOXOLRFVJXHKMBAGYNQPAPOHQJCAYMWLGWNYPCWVKLFROYOMESHWNAVQOLPFBQVGKLWEACY', '5323838816', 'Живорід',
        '+380685789012', 'NO', '1996-11-07 01:21:20', 90, CONV('1', 2, 10) + 0, 1, CONV('0', 2, 10) + 0,
        '1998-12-26 09:47:39', '2013-06-14 13:03:57', 'Кулинич', 'Никодимович', '2018-04-14 01:51:42',
        '12323212', CONV('0', 2, 10) + 0, 13, 38, 38, -1),
       (39, '2013-01-24 15:35:32', 'Донецька 1, кв. 1', '2023-11-29 07:40:50', '49', '1999-10-28 08:06:25',
        CONV('1', 2, 10) + 0, 39, 'ITXXQFDJNKZARJXDVTXHBSNXVSEZJBSXPIKIFSOIHUCBHWP', '1372736717', 'Порфир',
        '+380685789012', 'NO', '1997-08-21 16:07:39', 91, CONV('1', 2, 10) + 0, 1, CONV('0', 2, 10) + 0,
        '1996-12-27 06:14:20', NULL, 'Братусь', 'Найденович', '2011-12-21 22:06:12', '12323212', CONV('0', 2, 10) + 0, 17, 39, 39,
        -1),
       (40, '2022-12-31 21:30:13', 'Пішоходна 1, кв. 1', '2023-12-11 20:45:48', '44', NULL, CONV('1', 2, 10) + 0, 40,
        'TWNDFPTNZV\r\nOKUVAJUEVWOIGI\r\nJUOLUIWGRUBEWSAOZMEBNZIJIFAXAD', '4281484548', 'Уличан', '+380685012345', 'PERE',
        '2016-02-14 21:04:47', 92, CONV('1', 2, 10) + 0, 1, CONV('0', 2, 10) + 0, '2020-11-12 20:30:31',
        '2012-01-11 16:43:30', 'Кротевич', 'Драганович', '1993-01-10 04:23:45', '12323212', CONV('0', 2, 10) + 0, 10, 40, 40, -1),
       (41, '2023-07-08 15:27:50', 'Долгунська 1, кв. 1', '2023-11-26 23:35:27', '40', '1994-03-30 06:06:25',
        CONV('0', 2, 10) + 0, 41, 'RADRPVGKOWBDHOZUNOHXJKFGR\r\nOJEWXGVUWRE\r\nNGDEEDZIX\r\nVPU', '2353369093',
        'Братко', '+380685678901', 'SHPZH', '2014-02-27 09:06:50', 93, CONV('1', 2, 10) + 0, 3, CONV('0', 2, 10) + 0,
        '2003-12-13 18:32:07', NULL, 'Нестерчук', 'Драганович', '1996-05-16 16:55:11', '12323212', CONV('0', 2, 10) + 0, 22, 41, 41,
        -1),
       (42, '2020-12-22 15:07:48', 'Харківська 1, кв. 1', '2023-11-21 08:32:50', '3', NULL, CONV('1', 2, 10) + 0, 42,
        'ZQL\r\nTRSORMTWY\r\nPDYGELDPMZAVJMEEGCPMQIGOSKTKEPQCWQNRBPM', '8749650772', 'Назарій', '+380685123456', 'NO',
        '2017-06-27 16:41:16', 94, CONV('1', 2, 10) + 0, 2, CONV('0', 2, 10) + 0, '2022-03-18 17:26:45',
        '2008-12-09 09:21:11', 'Дідицький', 'Світанович', '1999-09-27 08:51:12', '12323212', CONV('0', 2, 10) + 0, 12, 42, 42, -1),
       (43, '2016-02-23 00:17:02', 'Київська 1, кв. 1', '2023-11-30 09:51:26', '15', '1993-12-04 15:53:32',
        CONV('1', 2, 10) + 0, 43,
        'BEECDBXHNRG\r\nMHPCYQUJZXCRXUEWPWDPMMSCVVICJFOIDM\r\nAAKQHKKCRBZPOLEGIIMUCOZVZLKHCKBTLE\r\nDF', '6243368499',
        'Святояр', '+380685901234', 'NO', '2022-03-14 02:12:29', 95, CONV('1', 2, 10) + 0, 3, CONV('0', 2, 10) + 0,
        '1997-06-28 23:17:14', NULL, 'Богданович', 'Макарович', '2010-06-22 20:32:27', '12323212', CONV('1', 2, 10) + 0, 1, 43, 43,
        -1),
       (44, '2017-08-25 00:10:41', 'Київська 1, кв. 1', '2023-12-27 05:41:25', '37', NULL, CONV('0', 2, 10) + 0, 44,
        'A\r\nINT\r\nJWPQMQJNUXYTMQFTUHTSOLYJSLXGRBY', '2853110039', 'Спас', '+380685123456', 'SLZH',
        '1997-02-11 04:35:00', 96, CONV('1', 2, 10) + 0, 1, CONV('0', 2, 10) + 0, '2004-06-15 02:43:52',
        '2001-11-13 23:53:38', 'Качура', 'Жданович', '2003-03-30 03:39:57', '12323212', CONV('1', 2, 10) + 0, 21, 44, 44, -1),
       (45, '2006-02-03 20:39:10', 'Харківська 1, кв. 1', '2023-12-10 23:13:27', '30', '2019-09-11 00:33:58',
        CONV('0', 2, 10) + 0, 45, 'FZECZ', '3898412376', 'Зиновій', '+380685012345', 'PERE', '2011-03-21 07:30:05', 97,
        CONV('1', 2, 10) + 0, 1, CONV('0', 2, 10) + 0, '1994-10-27 12:51:38', NULL, 'Лупейко', 'Сарматович',
        '2000-07-18 11:02:16', '12323212', CONV('1', 2, 10) + 0, 4, 45, 45, -1),
       (46, '2004-04-19 07:08:43', 'Хмельницька 1, кв. 1', '2023-11-13 07:22:32', '41', NULL, CONV('1', 2, 10) + 0,
        46, 'VEWQMMDSKLAVBWBI\r\nSFRNZB\r\nLWHSCOJEHKNXUQYYS', '9245905107', 'Маврикій', '+380685676800', 'NO',
        '2006-03-11 09:47:14', 98, CONV('1', 2, 10) + 0, 1, CONV('0', 2, 10) + 0, '1997-07-17 18:29:16',
        '2016-11-11 18:50:03', 'Лазарук', 'Златович', '2020-05-31 02:57:44', '12323212', CONV('0', 2, 10) + 0, 23, 46, 46, -1),
       (47, '2005-07-06 20:18:28', 'Кирилівська 1, кв. 1', '2023-11-22 08:51:53', '48', '2016-05-18 08:14:51',
        CONV('0', 2, 10) + 0, 47, 'XXTRNEB\r\nK\r\nGKAFBFMTKPUM\r\nWGCNL\r\nQALFNKEPNOUOZJLWMZWPMGBUIQ', '9969505976',
        'Остромисл', '+380685901234', 'NO', '2019-03-12 09:46:05', 99, CONV('1', 2, 10) + 0, 2, CONV('0', 2, 10) + 0,
        '2002-10-13 23:17:01', NULL, 'Чижович', 'Юхимович', '2002-04-10 12:24:40', '12323212', CONV('0', 2, 10) + 0, 18, 47, 47,
        -1),
       (48, '1994-01-10 17:48:33', 'Долгунська 1, кв. 1', '2023-12-25 05:11:44', '46', NULL, CONV('0', 2, 10) + 0, 48,
        'CMZEVKBJQDJFHEDCTVWVQT', '9145007843', 'Листвич', '+380685345678', 'NO', '1995-05-31 01:00:02', 100,
        CONV('1', 2, 10) + 0, 2, CONV('0', 2, 10) + 0, '2015-11-11 09:45:03', '2016-10-22 14:10:23', 'Григорук',
        'Пилипович', '2004-06-23 19:01:57', '12323212', CONV('0', 2, 10) + 0, 24, 48, 48, -1),
       (49, '2000-01-13 16:23:33', 'Кирилівська 1, кв. 1', '2023-12-23 00:31:07', '14', '2014-08-05 12:30:19',
        CONV('1', 2, 10) + 0, 49,
        'QSJDOFXBK\r\nNSTP\r\nFDNTZ\r\nSNQQUGWDKOUGJBTVUKRKUQMLROKZZYUUPSTZHSOPMLOSDCHQLTWJ\r\nTOAVJFQDVNXACTQCRLF',
        '2088318471', 'Яровид', '+380685345678', 'NO', '2018-04-14 04:27:54', 101, CONV('1', 2, 10) + 0, 1,
        CONV('0', 2, 10) + 0, '2001-07-02 23:06:43', NULL, 'Влох', 'Жданович', '2022-09-16 06:40:41',
        '12323212', CONV('0', 2, 10) + 0, 3, 49, 49, -1),
       (50, '2015-09-28 13:27:37', 'Харківська 1, кв. 1', '2023-12-20 02:30:16', '18', NULL, CONV('0', 2, 10) + 0, 50,
        'XUHIMQCOZDEBYDOTSJZJMNYKLHFUWVOJTPEULEJAMOSCSBESAGNYORTYPYINCTCKNOHGCSYDTAG\r\nUDUXF', '3529387915', 'Арсен',
        '+380685789012', 'NO', '2016-04-09 10:45:11', 102, CONV('1', 2, 10) + 0, 1, CONV('0', 2, 10) + 0,
        '2001-03-20 16:08:11', '2021-08-09 13:13:23', 'Борисенко', 'Ратиборович', '1999-08-23 01:21:50',
        '12323212', CONV('0', 2, 10) + 0, 19, 50, 50, -1),
       (51, '2022-01-10 17:44:27', 'Донецька 1, кв. 1', '2022-01-10 20:55:38', '21', NULL, CONV('0', 2, 10) + 0, 51,
        'MHPJRJRLADXXTULWPQMYJAKLHVKCNXDMHWFZVCTQWEYYX\r\nFWEQQSDLLSVAU\r\nGW', '1234567021', 'Надія', '+380685234567',
        'NO', '2011-01-17 22:57:06', 103, CONV('1', 2, 10) + 0, 3, CONV('0', 2, 10) + 0, '2010-12-05 13:38:33',
        NULL, 'Дія', 'Володимирівна', '2014-04-07 20:27:12', '12323212', CONV('1', 2, 10) + 0, 2, 2, 2, -1),
       (52, '2022-01-10 17:44:27', 'Донецька 1, кв. 1', '2022-01-10 20:55:38', '21', NULL, CONV('0', 2, 10) + 0, 52,
        'MHPJRJRLADXXTULWPQMYJAKLHVKCNXDMHWFZVCTQWEYYX\r\nFWEQQSDLLSVAU\r\nGW', '123093299', 'Євгеній', '+380932072704',
        'NO', '2011-01-17 22:57:06', 104, CONV('1', 2, 10) + 0, 3, CONV('0', 2, 10) + 0, '2010-12-05 13:38:33',
        NULL, 'Редзюк', 'Володимирович', '2014-04-07 20:27:13', '12323212', CONV('1', 2, 10) + 0, 2, 2, 2, -1);

DROP TABLE IF EXISTS `provided_flats`;
CREATE TABLE `provided_flats`
(
    `id`                   bigint(20) NOT NULL AUTO_INCREMENT,
    `cost`                 double     NOT NULL,
    `room_count`           int(11)    NOT NULL,
    `square`               double     NOT NULL,
    `unserviced_apartment` bit(1)     NOT NULL DEFAULT b'0',
    PRIMARY KEY (`id`)
) ENGINE = MyISAM
  DEFAULT CHARSET = utf8mb4
  COLLATE = utf8mb4_unicode_ci;

INSERT INTO `provided_flats` (`id`, `cost`, `room_count`, `square`, `unserviced_apartment`)
VALUES (21, 1948723, 3, 57, CONV('0', 2, 10) + 0),
       (22, 2798456, 2, 49, CONV('0', 2, 10) + 0),
       (23, 1764321, 3, 52, CONV('1', 2, 10) + 0),
       (24, 1765498, 1, 67, CONV('1', 2, 10) + 0),
       (25, 2129876, 3, 61, CONV('1', 2, 10) + 0),
       (26, 2987542, 1, 52, CONV('0', 2, 10) + 0),
       (27, 1928376, 1, 53, CONV('0', 2, 10) + 0),
       (28, 2836145, 1, 47, CONV('0', 2, 10) + 0),
       (29, 2123456, 3, 63, CONV('0', 2, 10) + 0),
       (30, 1357987, 2, 41, CONV('1', 2, 10) + 0),
       (31, 2653987, 1, 36, CONV('1', 2, 10) + 0),
       (32, 2245678, 1, 54, CONV('0', 2, 10) + 0),
       (33, 2387654, 1, 68, CONV('1', 2, 10) + 0),
       (34, 1187654, 1, 65, CONV('0', 2, 10) + 0),
       (35, 2156897, 3, 67, CONV('1', 2, 10) + 0),
       (36, 1723456, 2, 62, CONV('0', 2, 10) + 0),
       (37, 1487654, 1, 58, CONV('0', 2, 10) + 0),
       (38, 2984321, 1, 62, CONV('0', 2, 10) + 0),
       (39, 2985147, 3, 59, CONV('0', 2, 10) + 0),
       (40, 2325487, 1, 64, CONV('0', 2, 10) + 0);

DROP TABLE IF EXISTS `quotas`;
CREATE TABLE `quotas`
(
    `id`         bigint(20) NOT NULL,
    `name`       varchar(100) COLLATE utf8mb4_unicode_ci DEFAULT NULL,
    `short_name` varchar(100) COLLATE utf8mb4_unicode_ci DEFAULT NULL,
    `type`       varchar(255) COLLATE utf8mb4_unicode_ci DEFAULT NULL,
    PRIMARY KEY (`id`),
    UNIQUE KEY `UK_ila3wf7fl9a6s01jjycalvbai` (`name`),
    UNIQUE KEY `UK_99t8qjmecclm7y2hg56gp0gwb` (`short_name`)
) ENGINE = MyISAM
  DEFAULT CHARSET = utf8mb4
  COLLATE = utf8mb4_unicode_ci;

INSERT INTO `quotas` (`id`, `name`, `short_name`, `type`)
VALUES (1, 'Без пiльг', 'Без пiльг', 'NONE'),
       (2, 'Учасник лiквiдацiї аварiї на ЧАЕС I категорiї', 'ЧАЕС I кат.', 'OUTOFQUEUE'),
       (3, 'Учасник лiквiдацiї аварiї на ЧАЕС II категорiї', 'ЧАЕС II кат.', 'OUTOFQUEUE'),
       (4, 'ВЛК i ВТЕК', 'ВЛК i ВТЕК', 'FIRSTINPRIORITY'),
       (5, 'Учасник бойових дiй', 'Учасник б/д', 'FIRSTINPRIORITY'),
       (6, 'Багатодiтна сiм\'я', 'Багатодiт.сем.', 'FIRSTINPRIORITY'),
       (7, 'Iнвалiд 1-2 групи', 'Iнвал. 1-2 гр.', 'FIRSTINPRIORITY'),
       (8, 'Звiльнений за станом здоровя (скороч. штатiв)', 'Зв.за ст. зд.', 'OUTOFQUEUE'),
       (9, 'Одинока мати', 'Одинока мати', 'FIRSTINPRIORITY'),
       (10, 'ЛПС, ПСПЧ, БЧ', 'ЛПС,ПСПЧ,БЧ', 'FIRSTINPRIORITY'),
       (11, 'Вислуга 25 календарних рокiв', '25 календ. рок', 'FIRSTINPRIORITY'),
       (12, 'Поранений', 'Поранений', 'FIRSTINPRIORITY'),
       (13, 'Звiльнений ветеран вiйськової служби', 'Зв.вет.в.сл.', 'OUTOFQUEUE'),
       (14, 'Вiйськовослужбовцi вiйськових прокуратур', 'Вiйськ. прокур', 'FIRSTINPRIORITY'),
       (15, 'учасник бойових дiй (АТО)', 'учасник БД АТО', 'FIRSTINPRIORITY'),
       (16, 'В.служб.якi загинули(померли)', 'Померлi в.служ', 'OUTOFQUEUE'),
       (17, 'Iнвалiд вiйни 1 гр.', 'Iнв.вiйни 1гр', 'OUTOFQUEUE'),
       (18, 'Iнвалiд вiйни', 'Iнвалiд вiйни', 'OUTOFQUEUE'),
       (19, 'Педагогiчний та науково-педагогiчний працiвник', 'Пед.наук/прац.', 'FIRSTINPRIORITY'),
       (20, 'Звiльнений ветеран з iнших гарнiзонiв', 'звiл iнш.г-нiв', 'FIRSTINPRIORITY'),
       (21, 'Iнвалiд 1-2 гр (iнв.пов\'язана iз прох.в/с)', 'Iнв.1-2г(в/с)', 'OUTOFQUEUE'),
       (22, 'ЧАЕС I категорiя, що отримав пiльгу пiсля II категорiї', 'ЧАЕС2+ЧАЕС1', 'OUTOFQUEUE'),
       (23, 'Iнвалiд 2-3 групи', 'Iнвал.2-3  гр.', 'FIRSTINPRIORITY'),
       (24, 'суддя', 'суддя', 'OUTOFQUEUE'),
       (25, 'інв/ато/оос', 'інв/ато/оос', 'OUTOFQUEUE');

DROP TABLE IF EXISTS `ranks`;
CREATE TABLE `ranks`
(
    `id`         bigint(20)                              NOT NULL,
    `name`       varchar(100) COLLATE utf8mb4_unicode_ci NOT NULL,
    `short_name` varchar(20) COLLATE utf8mb4_unicode_ci  NOT NULL,
    `type`       varchar(255) COLLATE utf8mb4_unicode_ci NOT NULL,
    PRIMARY KEY (`id`)
) ENGINE = MyISAM
  DEFAULT CHARSET = utf8mb4
  COLLATE = utf8mb4_unicode_ci;

INSERT INTO `ranks` (`id`, `name`, `short_name`, `type`)
VALUES (1, 'п/п-к юст.зап.', 'п/п-к юст.', 'RESERVEMILITARY'),
       (2, 'працівник ЗСУ', 'пр.ЗСУ', 'NONMILITARY'),
       (3, 'рядовий за контракт.', 'ряд.', 'PRESENTMILITARY'),
       (4, 'солдат за контрактом', 'солдат', 'PRESENTMILITARY'),
       (5, 'ст.солдат за контр.', 'ст.солд.', 'PRESENTMILITARY'),
       (6, 'сім\'я загиблого в-сл', 'загиблі', 'PRESENTMILITARY'),
       (7, 'мл.сержант', 'мл.с-т', 'PRESENTMILITARY'),
       (8, 'сержант', 'с-т', 'PRESENTMILITARY'),
       (9, 'ст.сержант', 'ст.с-т', 'PRESENTMILITARY'),
       (10, 'старшина', 'с-на', 'PRESENTMILITARY'),
       (11, 'гл.старшина', 'гл.с-на', 'PRESENTMILITARY'),
       (12, 'прапорщик', 'пр-к', 'PRESENTMILITARY'),
       (13, 'мичман', 'м-н', 'PRESENTMILITARY'),
       (14, 'ст.прапорщик', 'ст.пр-к', 'PRESENTMILITARY'),
       (15, 'ст.мичман', 'ст.м-н', 'PRESENTMILITARY'),
       (16, 'мл.лейтенант', 'мл.л-т', 'PRESENTMILITARY'),
       (17, 'лейтенант', 'л-т', 'PRESENTMILITARY'),
       (18, 'лейтенант м/с', 'л-т м/с', 'PRESENTMILITARY'),
       (19, 'лейтенант юст.', 'л-т юст.', 'PRESENTMILITARY'),
       (20, 'ст.лейтенант', 'ст.л-т', 'PRESENTMILITARY'),
       (21, 'ст.лейтенант м/с', 'ст.л-т м/с', 'PRESENTMILITARY'),
       (22, 'ст.лейтенант юст.', 'ст.л-т юст', 'PRESENTMILITARY'),
       (23, 'капітан', 'к-н', 'PRESENTMILITARY'),
       (24, 'капітан м/с', 'к-н м/с', 'PRESENTMILITARY'),
       (25, 'капітан юст.', 'к-н юст.', 'PRESENTMILITARY'),
       (26, 'капітан-лейтенант', 'к-н/л-т', 'PRESENTMILITARY'),
       (27, 'майор', 'м-р', 'PRESENTMILITARY'),
       (28, 'майор м/с', 'м-р м/с', 'PRESENTMILITARY'),
       (29, 'майор юст.', 'м-р юст.', 'PRESENTMILITARY'),
       (30, 'капітан 3 ранга', 'к-н 3 р.', 'PRESENTMILITARY'),
       (31, 'підполковник', 'п/п-к', 'PRESENTMILITARY'),
       (32, 'підполковник м/с', 'п/п-к м/с', 'PRESENTMILITARY'),
       (33, 'підполковник юст.', 'п/п-к юст.', 'PRESENTMILITARY'),
       (34, 'капітан 2 ранга', 'к-н 2 р.', 'PRESENTMILITARY'),
       (35, 'полковник', 'п-к', 'PRESENTMILITARY'),
       (36, 'полковник м/с', 'п-к м/с', 'PRESENTMILITARY'),
       (37, 'полковник юст.', 'п-к юст.', 'PRESENTMILITARY'),
       (38, 'капітан 1 ранга', 'к-н 1 р.', 'PRESENTMILITARY'),
       (39, 'генерал-майор', 'г-л/м-р', 'PRESENTMILITARY'),
       (40, 'контр-адмірал', 'контр-адм.', 'PRESENTMILITARY'),
       (41, 'генерал-лейтенант', 'г-л/л-т', 'PRESENTMILITARY'),
       (42, 'віце-адмірал', 'віце-адм.', 'PRESENTMILITARY'),
       (43, 'генерал-полковник', 'г-л/п-к', 'PRESENTMILITARY'),
       (44, 'рядовий за конт. зап', 'ряд. зап.', 'RESERVEMILITARY'),
       (45, 'майор запасу', 'майор з-су', 'RESERVEMILITARY'),
       (46, 'прапорщик запасу', 'пр-к з-су', 'RESERVEMILITARY'),
       (47, 'підполковник запасу', 'п/пк з-зсу', 'RESERVEMILITARY'),
       (48, 'полковник запасу', 'п-к з-су', 'RESERVEMILITARY'),
       (49, 'капітан запасу', 'к-н з-су', 'RESERVEMILITARY'),
       (50, 'полковник мед. сл', 'п-к м/с', 'PRESENTMILITARY'),
       (51, 'ст.прапорщик з/су', 'стпр-к з-с', 'RESERVEMILITARY'),
       (52, 'ст.лнт зап.', 'ст.л-нт за', 'RESERVEMILITARY'),
       (53, 'лейт.запасу', 'л-нт з/су', 'RESERVEMILITARY'),
       (54, 'полковник мед.сл.зап', 'п-к мед.сл', 'RESERVEMILITARY'),
       (56, 'сержант запасу', 'с-нт зап', 'RESERVEMILITARY'),
       (57, 'п/п-к запасу', 'п/п-к з/су', 'RESERVEMILITARY'),
       (58, 'ген-л-нт запасу', 'г-л л-т з', 'RESERVEMILITARY'),
       (59, 'генерал армії', 'г-л арм.', 'PRESENTMILITARY'),
       (60, 'старшина запасу', 'ст-на з/су', 'RESERVEMILITARY'),
       (61, 'п-к юстиції запасу', 'п-к юст.', 'RESERVEMILITARY'),
       (62, 'п-к у відставці', 'п-к у відс', 'RESERVEMILITARY'),
       (63, 'сім\'я померлого в/сл', 'Померлі', 'PRESENTMILITARY'),
       (65, 'ст. лейтенант запасу', 'ст.л-нт за', 'RESERVEMILITARY'),
       (66, 'ст.пр-к у відставці', 'ст.пр-к', 'RESERVEMILITARY'),
       (67, 'солдат запасу', 'солд.зап', 'RESERVEMILITARY'),
       (68, 'ГЕНЕРАЛ', 'ГЕНЕРАЛ', 'PRESENTMILITARY'),
       (69, 'головний сержант', 'гол.с-нт', 'PRESENTMILITARY'),
       (70, 'головний сержант запасу', 'гол.с-нт.зап.', 'RESERVEMILITARY'),
       (71, 'штаб-сержант запасу', 'шт.с-нт.зап.', 'RESERVEMILITARY'),
       (72, 'штаб-сержант', 'шт.с-нт.', 'PRESENTMILITARY'),
       (73, 'майстер-сержант', 'май.с-нт.', 'PRESENTMILITARY'),
       (74, 'майстер-сержант запасу', 'май.с-нт.зап.', 'RESERVEMILITARY'),
       (75, 'старший майстер-сержант запасу', 'ст.май.с-нт.зап.', 'RESERVEMILITARY'),
       (76, 'старший майстер-сержант', 'ст.май.с-нт.', 'PRESENTMILITARY'),
       (77, 'головний майстер-сержант запасу', 'гол.май.с-нт.зап.', 'RESERVEMILITARY'),
       (78, 'головний майстер-сержант', 'гол.май.с-нт.', 'PRESENTMILITARY');

DROP TABLE IF EXISTS `registry`;
CREATE TABLE `registry`
(
    `id`               bigint(20) NOT NULL AUTO_INCREMENT,
    `receive_date`     datetime   NOT NULL,
    `received_money`   double     DEFAULT NULL,
    `military_man_id`  bigint(20) NOT NULL,
    `provided_flat_id` bigint(20) DEFAULT NULL,
    `finance_source_id`    bigint(20) NOT NULL,
    PRIMARY KEY (`id`),
    KEY `FK1pfqlgpn98m03rx2isx507l0u` (`military_man_id`),
    KEY `FKpi60g23obcmrfrogmfhb5dvq6` (`provided_flat_id`),
    KEY `FK570s3g0lhcd3j59dymfbu312h` (`finance_source_id`)
) ENGINE = MyISAM
  DEFAULT CHARSET = utf8mb4
  COLLATE = utf8mb4_unicode_ci;

INSERT INTO `registry` (`id`, `receive_date`, `received_money`, `military_man_id`, `provided_flat_id`, `finance_source_id`)
VALUES (51, '2005-11-01 03:38:37', 0, 1, 21, 21),
       (52, '2013-01-31 19:14:31', 0, 2, 22, 22),
       (53, '2001-04-06 19:25:09', 0, 3, 23, 23),
       (54, '2008-04-16 12:49:08', 0, 4, 24, 24),
       (55, '2019-12-09 15:35:35', 0, 5, 25, 25),
       (56, '2001-05-26 20:35:53', 0, 6, 26, 26),
       (57, '2017-06-30 15:42:40', 0, 7, 27, 27),
       (58, '2009-02-05 07:36:57', 0, 8, 28, 28),
       (59, '2009-03-21 09:54:40', 0, 9, 29, 29),
       (60, '2004-03-10 18:23:15', 0, 10, 30, 30),
       (61, '2009-10-01 17:21:48', 2223456, 11, NULL, 31),
       (62, '2022-12-15 20:15:47', 2987654, 12, NULL, 32),
       (63, '1994-08-11 17:53:52', 2693485, 13, NULL, 33),
       (64, '2018-10-16 14:13:11', 2836145, 14, NULL, 34),
       (65, '2011-10-07 14:21:57', 2178349, 15, NULL, 35),
       (66, '2016-07-25 08:18:19', 1978654, 16, NULL, 36),
       (67, '2013-01-04 12:28:16', 2129876, 17, NULL, 37),
       (68, '1996-12-02 00:24:27', 1842567, 18, NULL, 38),
       (69, '2002-02-24 21:25:20', 1567890, 19, NULL, 39),
       (70, '2006-08-29 22:10:18', 1837654, 20, NULL, 40);

DROP TABLE IF EXISTS `roles`;
CREATE TABLE `roles`
(
    `id`   int(11) NOT NULL AUTO_INCREMENT,
    `name` varchar(20) COLLATE utf8mb4_unicode_ci DEFAULT NULL,
    PRIMARY KEY (`id`)
) ENGINE = MyISAM
  DEFAULT CHARSET = utf8mb4
  COLLATE = utf8mb4_unicode_ci;

INSERT INTO `roles` (`id`, `name`)
VALUES (1, 'ROLE_NONE'),
       (2, 'ROLE_USER'),
       (3, 'ROLE_OPERATOR'),
       (4, 'ROLE_ADMIN');

DROP TABLE IF EXISTS `users`;
CREATE TABLE `users`
(
    `id`               bigint(20)                              NOT NULL AUTO_INCREMENT,
    `accounting_place` varchar(100) COLLATE utf8mb4_unicode_ci DEFAULT NULL,
    `birth_date`       datetime                                NOT NULL,
    `create_date`      datetime                                NOT NULL,
    `garrison_id`      bigint(20)                              NOT NULL,
    `username`         varchar(100) COLLATE utf8mb4_unicode_ci NOT NULL,
    `name`             varchar(100) COLLATE utf8mb4_unicode_ci NOT NULL,
    `password`         varchar(100) COLLATE utf8mb4_unicode_ci DEFAULT NULL,
    `sex`              varchar(255) COLLATE utf8mb4_unicode_ci NOT NULL,
    `surname`          varchar(100) COLLATE utf8mb4_unicode_ci NOT NULL,
    `thirdname`        varchar(100) COLLATE utf8mb4_unicode_ci NOT NULL,
    `update_date`      datetime                                NOT NULL,
    `military_man_id`  bigint(20)                              DEFAULT NULL,
    PRIMARY KEY (`id`),
    KEY `FKiksavq8pxhtrmtvnchdlv0qek` (`garrison_id`),
    KEY `FKehlfny0wu3favyagoadstbe29` (`military_man_id`)
) ENGINE = MyISAM
  DEFAULT CHARSET = utf8mb4
  COLLATE = utf8mb4_unicode_ci;

INSERT INTO `users` (`id`, `accounting_place`, `birth_date`, `create_date`, `garrison_id`, `username`, `name`, `password`,
                     `sex`, `surname`, `thirdname`, `update_date`, `military_man_id`)
VALUES (1, 'ЖК ВІТІ', '1997-01-17 00:00:00', '2023-10-01 00:00:00', 1, '1234567021', 'Надія', '$2a$10$OGNxAt7821e6wi2tjNMBZecRmcGpU1FELyU8Fk0oACy17Ze4mNztS', 'FEMALE',
        'Дія', 'Володимирівна', '2023-11-21 15:45:16', 51),
       (2, 'ЖК ВІТІ', '2002-07-29 00:00:00', '2023-10-01 00:00:00', 1, '3746509431', 'Олександр', '$2a$10$OGNxAt7821e6wi2tjNMBZecRmcGpU1FELyU8Fk0oACy17Ze4mNztS', 'MALE',
        'Сачук', 'Віталійович', '2023-11-21 15:45:16', NULL);

DROP TABLE IF EXISTS `user_roles`;
CREATE TABLE `user_roles`
(
    `user_id` bigint(20) NOT NULL,
    `role_id` int(11)    NOT NULL,
    PRIMARY KEY (`user_id`, `role_id`),
    KEY `FKh8ciramu9cc9q3qcqiv4ue8a6` (`role_id`)
) ENGINE = MyISAM
  DEFAULT CHARSET = utf8mb4
  COLLATE = utf8mb4_unicode_ci;

INSERT INTO `user_roles` (`user_id`, `role_id`)
VALUES (1,2),
       (1,3);

# DROP TABLE IF EXISTS `queue_number`;
# CREATE TABLE `queue_number`
# (
#     `id`               bigint(20)                             NOT NULL AUTO_INCREMENT,
#     `number`   int     DEFAULT 0,
#     PRIMARY KEY (`id`)
# ) ENGINE = MyISAM
#   DEFAULT CHARSET = utf8mb4
#   COLLATE = utf8mb4_unicode_ci;
#
# INSERT INTO `queue_number` (`id`)
# VALUES (1),
#        (2),
#        (3),
#        (4),
#        (5),
#        (6),
#        (7),
#        (8),
#        (9),
#        (10),
#        (11),
#        (12),
#        (13),
#        (14),
#        (15),
#        (16),
#        (17),
#        (18),
#        (19),
#        (20),
#        (21),
#        (22),
#        (23),
#        (24),
#        (25),
#        (26),
#        (27),
#        (28),
#        (29),
#        (30),
#        (31),
#        (32),
#        (33),
#        (34),
#        (35),
#        (36),
#        (37),
#        (38),
#        (39),
#        (40),
#        (41),
#        (42),
#        (43),
#        (44),
#        (45),
#        (46),
#        (47),
#        (48),
#        (49),
#        (50),
#        (51),
#        (52),
#        (53),
#        (54),
#        (55),
#        (56),
#        (57),
#        (58),
#        (59),
#        (60),
#        (61),
#        (62),
#        (63),
#        (64),
#        (65),
#        (66),
#        (67),
#        (68),
#        (69),
#        (70),
#        (71),
#        (72),
#        (73),
#        (74),
#        (75),
#        (76),
#        (77),
#        (78),
#        (79),
#        (80),
#        (81),
#        (82),
#        (83),
#        (84),
#        (85),
#        (86),
#        (87),
#        (88),
#        (89),
#        (90),
#        (91),
#        (92),
#        (93),
#        (94),
#        (95),
#        (96),
#        (97),
#        (98),
#        (99),
#        (100),
#        (101),
#        (102),
#        (103),
#        (104);

DROP TABLE IF EXISTS `works`;
CREATE TABLE `works`
(
    `id`               bigint(20)                             NOT NULL AUTO_INCREMENT,
    `accounting_place` varchar(25) COLLATE utf8mb4_unicode_ci NOT NULL,
    `garrison_id`      bigint(20)                             NOT NULL,
    `work_place`       varchar(25) COLLATE utf8mb4_unicode_ci NOT NULL,
    PRIMARY KEY (`id`),
    KEY `FKhns7b0argu43tqhw7lu19n8o6` (`garrison_id`)
) ENGINE = MyISAM
  DEFAULT CHARSET = utf8mb4
  COLLATE = utf8mb4_unicode_ci;


INSERT INTO `works` (`id`, `accounting_place`, `garrison_id`, `work_place`)
VALUES (1, 'ЖК КСВ', 1, 'КСВ'),
       (2, 'КОб. Сил', 1, 'А0135'),
       (3, 'ЖК КССО', 1, 'А0987 вм №161'),
       (4, 'КВЗв\'язку', 1, 'КВЗв\'язку'),
       (5, 'ЖК КМедСил', 1, 'ГВКЦ'),
       (6, 'ЖК АМОУ та БПС', 1, 'А0615 (126ЦЗРМ)'),
       (7, 'ЖК НУОУ', 1, 'НУОУ'),
       (8, 'ЖК АМОУ та БПС', 1, 'Ансамбль'),
       (9, 'ЖК ГШ ЗСУ', 1, 'А2100  (ЦУВСП)'),
       (10, 'ЖК КСЛогістики', 1, 'Комвійськсполуч'),
       (11, 'ЖК АМОУ та БПС', 1, 'ВП'),
       (12, 'ЖК ККЕУ', 1, 'В/Прокуратури'),
       (13, 'ЖК ГШ ЗСУ', 1, 'ГУОП'),
       (14, 'ЖК КСВ', 1, 'МВК'),
       (15, 'ЖК НУОУ', 1, 'ЦВСД'),
       (16, 'ЖК ВIТI', 1, 'ВІТІ ім.Г.Крут'),
       (17, 'ЖК КСЛогістики', 1, 'КСЛогістики'),
       (18, 'ЖК КСВ', 1, 'КВЛ ім.Богуна'),
       (19, 'ЖК ККЕУ', 1, 'ККЕУ'),
       (20, 'ЖК КСВ', 1, 'ОВК'),
       (21, 'ЖК АМОУ та БПС', 1, 'Ред.\"Hар.армія\"'),
       (22, 'ЖК ГШ ЗСУ', 1, ' ЦНДІ'),
       (23, 'ЖК КСПідтримки', 1, 'А2330'),
       (24, 'ЖК АМОУ та БПС', 1, 'ЦСК МОУ'),
       (25, 'ЖК ВIТI', 1, 'в/к АМуніцУ'),
       (26, 'ЖК ККЕУ', 1, 'в/м 161'),
       (27, 'ЖК ВIТI', 1, 'в/к НТрУ'),
       (28, 'ЖК ВIКНУ', 1, 'ВІКНУ'),
       (29, 'ЖК А0799', 1, 'КВП НАУ'),
       (30, 'ЖК КМедСил', 1, 'УВМедА'),
       (31, 'ЖК ВIТI', 1, 'в/к НТУУ \"КПІ\"'),
       (32, 'ЖК ВIТI', 1, 'в/к АДПС Укр'),
       (33, 'ЖК ВIТI', 1, 'в/к НАгрУ'),
       (34, 'ЖК АМОУ та БПС', 1, 'ЦСБУ'),
       (35, 'ЖК КСЛогістики', 1, 'А0297'),
       (36, 'ЖК АМОУ та БПС', 1, 'ЦПІ МОУ'),
       (37, 'ЖК КСЛогістики', 1, 'А2788'),
       (38, 'ЖК КСВ', 1, 'А0222'),
       (39, 'ЖК ККЕУ', 1, '55127  (17ВА)'),
       (40, 'ЖК ККЕУ', 1, 'А2215 (Борисп)'),
       (41, 'ЖК ККЕУ', 1, 'А0138'),
       (42, 'ЖК А0799,А1236', 1, 'А0799,А1236'),
       (43, 'ЖК КВЗв\'язку', 1, 'А0168'),
       (44, 'ЖК ГШ ЗСУ', 1, 'А3521'),
       (45, 'ЖК ГШ ЗСУ', 1, 'ГУЛ'),
       (46, 'ЖК КВЗв\'язку', 1, 'А0106'),
       (47, 'ЖК КВЗв\'язку', 1, 'А0334'),
       (48, 'ЖК КВЗв\'язку', 1, 'А0476'),
       (49, 'ЖК ГШ ЗСУ', 1, 'А0488'),
       (50, 'ЖК ГШ ЗСУ', 1, 'ЦУБезп.'),
       (51, 'ЖК КСВ', 1, 'А2788'),
       (52, 'ЖК КСЛогістики', 1, 'А2070'),
       (53, 'ЖК КМедСил', 1, 'А1200(Ірпінь)'),
       (54, 'ЖК ККЕУ', 1, 'А2405 (розф)'),
       (55, 'ЖК Озброєння', 1, 'А0294'),
       (56, 'ЖК АМОУ та БПС', 1, 'Військо України'),
       (57, 'ЖК А0515 i ПВЧ', 1, 'А0515'),
       (58, 'ЖК ККЕУ', 1, 'А2161'),
       (59, 'ЖК ККЕУ', 1, 'А3918 (розф)'),
       (60, 'ЖК ККЕУ', 1, 'А1811 (розф)'),
       (61, 'ЖК ККЕУ', 1, 'п.37'),
       (62, 'ЖК Озброєння', 1, 'А2788'),
       (63, 'ЖК АМОУ та БПС', 1, 'ГУМР'),
       (64, 'ЖК ГШ ЗСУ', 1, 'А0565'),
       (65, 'ЖК АМОУ та БПС', 1, 'А4566'),
       (66, 'ЖК ККЕУ', 1, 'А0324(розф)'),
       (67, 'ЖК АМОУ та БПС', 1, 'МОУ'),
       (68, 'ЖК КСЛогістики', 1, 'Озброєння'),
       (69, 'ЖК ГШ ЗСУ', 1, 'ГШ ЗСУ'),
       (70, 'ЖК ГШ ЗСУ', 1, 'ООК ЗСУ'),
       (71, 'ЖК ГШ ЗСУ', 1, 'А0139'),
       (72, 'ЖК КВЗв\'язку', 1, 'А0351'),
       (73, 'ЖК АМОУ та БПС', 1, 'ЦЗСД МОУ'),
       (74, 'ЖК ГШ ЗСУ', 1, 'А0136'),
       (75, 'ЖК КОб.Сил', 1, 'А0135'),
       (76, 'ЖК КМедСил', 1, 'КМедСил'),
       (77, 'ЖК КСПідтримки', 1, 'А0602'),
       (78, 'ЖК КСПідтримки', 1, 'А0204'),
       (79, 'ЖК КСПідтримки', 1, 'А1423'),
       (80, 'ЖК КСПідтримки', 1, 'А1333'),
       (81, 'ЖК КСПідтримки', 1, 'РАЦ'),
       (82, 'КСЛогістики', 1, 'ЦУІІЗ'),
       (83, 'Всі', 1, 'Всі'),
       (84, 'ЖК КСВ', 1, 'A0105'),
       (85, 'в/ч А1789', 2, 'в/ч А1789'),
       (86, 'в/ч А0704', 2, 'в/ч А0704'),
       (87, 'в/ч А2682', 2, 'в/ч А2682'),
       (88, 'в/ч А1880', 2, 'в/ч А1880'),
       (89, 'в/ч А2860', 2, 'в/ч А2860'),
       (90, 'Обухівський РТЦК', 2, 'Обухівський РТЦК'),
       (91, 'А-0820', 2, 'А-0820'),
       (92, 'Iрпiн.Буч.ОМВК', 3, 'Ірпін.Буч.ОМВК'),
       (93, 'НУОУ', 4, 'НУОУ'),
       (94, 'А-0294', 2, 'А-0294'),
       (95, 'ОРВК', 2, 'ОРВК'),
       (96, 'в/ч А-0952', 2, 'в/ч А-0952'),
       (97, 'в/ч А-0565', 3, 'в/ч А-0565'),
       (98, 'в/ч А-2923', 3, 'в/ч А-2923'),
       (99, 'в/ч А-4180', 3, 'в/ч А-4180'),
       (100, 'Вишгород РВК', 3, 'Вишгород РВК'),
       (101, 'ФВП   НАДПС', 3, 'ФВП   НАДПС'),
       (102, 'в/ч А-2206', 5, 'в/ч А-2206'),
       (103, 'А-0706', 7, 'А-0706'),
       (104, 'А-0415', 7, 'А-0415'),
       (105, 'А-1525', 7, 'А-1525'),
       (106, 'в/ч А-3085', 4, 'в/ч А-3085'),
       (107, 'в/ч А-2860 Б', 5, 'в/ч А-2860 Б'),
       (108, 'в/ч А-2299', 5, 'в/ч А-2299'),
       (109, 'ОМВК 5', 5, 'ОМВК 5'),
       (110, 'в/ч А-0799 Б', 5, 'в/ч А-0799 Б'),
       (111, 'в/ч А-2215', 6, 'в/ч А-2215'),
       (112, 'ОМВК 6', 6, 'ОМВК Бориспіль'),
       (113, 'НОК КВЛ', 2, 'НОК КВЛ'),
       (114, 'в/ч А-0766', 5, 'в/ч А-0766'),
       (115, 'Бородян.РВК', 3, 'Бородян.РВК'),
       (116, 'в/ч  А2860 Г', 3, 'в/ч  А2860 Г'),
       (117, 'А-3796', 3, 'А-3796'),
       (118, 'в/ч А2206 №3', 3, 'в/ч А2206 №3'),
       (119, 'в/ч А3723', 3, 'в/ч А3723'),
       (120, 'в/ч А2860 С', 7, 'в/ч А2860 С'),
       (121, 'в/ч А0525', 5, 'в/ч А0525'),
       (122, 'Iван. ОРВК', 3, 'Іван. ОРВК'),
       (123, 'А2399', 4, 'А2399');

-- 2023-11-29 17:02:59


-- GRANTES

CREATE USER 'keuDbUser'@'%' IDENTIFIED BY 'keuDbUser';
SET PASSWORD FOR 'keuDbUser'@'%' = PASSWORD ('fgjrfksgcbc');
GRANT SELECT, ALTER, INSERT, UPDATE, DELETE ON keu_db.deleted_militery_men TO 'keuDbUser'@'%';
GRANT SELECT, ALTER, INSERT, UPDATE, DELETE ON keu_db.military_man TO 'keuDbUser'@'%';
GRANT SELECT, ALTER, INSERT, UPDATE, DELETE ON keu_db.provided_flats TO 'keuDbUser'@'%';
GRANT SELECT, ALTER, INSERT, UPDATE, DELETE ON keu_db.registry TO 'keuDbUser'@'%';

GRANT SELECT, ALTER, INSERT, UPDATE, DELETE ON keu_db.finance_sources TO 'keuDbUser'@'%';
GRANT SELECT, ALTER, INSERT, UPDATE, DELETE ON keu_db.hibernate_sequence TO 'keuDbUser'@'%';
GRANT SELECT, ALTER, INSERT, UPDATE, DELETE ON keu_db.garrisons TO 'keuDbUser'@'%';
GRANT SELECT, ALTER, INSERT, UPDATE, DELETE ON keu_db.works TO 'keuDbUser'@'%';
GRANT SELECT, ALTER, INSERT, UPDATE, DELETE ON keu_db.quotas TO 'keuDbUser'@'%';
GRANT SELECT, ALTER, INSERT, UPDATE, DELETE ON keu_db.family_members TO 'keuDbUser'@'%';
GRANT SELECT, ALTER, INSERT, UPDATE, DELETE ON keu_db.ranks TO 'keuDbUser'@'%';
GRANT SELECT, ALTER, INSERT, UPDATE, DELETE ON keu_db.roles TO 'keuDbUser'@'%';
GRANT SELECT, ALTER, INSERT, UPDATE, DELETE ON keu_db.user_roles TO 'keuDbUser'@'%';
GRANT SELECT, ALTER, INSERT, UPDATE, DELETE ON keu_db.users TO 'keuDbUser'@'%';


FLUSH PRIVILEGES;